3c62cb38-7e90-47ca-893e-013ab291f6f3,iPhone X ,SIM-Free Model A19211 6.5-inch Super Retina HD display with OLED technology A12 Bionic chip with �,899,34,https://i.dummyjson.com/data/products/2/1.jpg,2fdfdb94-1702-4eb6-bfda-ec20d606c0e8,approved,
581e3759-cf91-47cd-8c91-de8b013a3bb3,OPPOF19,OPPO F19 is officially announced on April 2021.,280,123,https://i.dummyjson.com/data/products/4/1.jpg,2fdfdb94-1702-4eb6-bfda-ec20d606c0e8,approved,
429acc97-ac31-4d60-8ed4-3987bdf8be73,Samsung Universe 9,Samsung's new variant which goes beyond Galaxy to the Universe,1249,36,https://i.dummyjson.com/data/products/3/1.jpg,2fdfdb94-1702-4eb6-bfda-ec20d606c0e8,approved,
c533639c-a9b0-4251-802d-12c0199c2455,Huawei P30,Huawei’s re-badged P30 Pro New Edition was officially unveiled yesterday in Germany and now the device has made its way to the UK.,499,32,https://i.dummyjson.com/data/products/5/1.jpg,2fdfdb94-1702-4eb6-bfda-ec20d606c0e8,approved,
7251b8a3-9840-4a56-b14b-bc630210f74d,MacBook Pro,MacBook Pro 2021 with mini-LED display may launch between September November,1749,83,https://i.dummyjson.com/data/products/6/1.png,2fdfdb94-1702-4eb6-bfda-ec20d606c0e8,approved,
f672bfae-141e-4da1-9b90-a5bf555b5465,Samsung Galaxy Book,Samsung Galaxy Book S (2020) Laptop With Intel Lakefield Chip  8GB of RAM Launched,1499,50,https://i.dummyjson.com/data/products/7/1.jpg,2fdfdb94-1702-4eb6-bfda-ec20d606c0e8,approved,
de5cf1f7-0d03-455b-bab5-a97664675582,Microsoft Surface Laptop 4,Style and speed Stand out on HD video calls backed by Studio Mics. Capture ideas on the vibrant touchscreen.,1499,68,https://i.dummyjson.com/data/products/8/1.jpg,2fdfdb94-1702-4eb6-bfda-ec20d606c0e8,approved,
06f5d30d-5cd5-4110-a673-8766274828e5,Infinix INBOOK,Infinix Inbook X1 Ci3 10th 8GB 256GB 14 Win10 Grey – 1 Year Warranty,1099,96,https://i.dummyjson.com/data/products/9/1.jpg,2fdfdb94-1702-4eb6-bfda-ec20d606c0e8,approved,
54204999-76a5-48a4-8ec8-845096fe0619,HP Pavilion 15-DK1056WM,HP Pavilion 15-DK1056WM Gaming Laptop 10th Gen Core i5 8GB 256GB SSD GTX 1650 4GB Windows 10,1099,89,https://i.dummyjson.com/data/products/10/1.jpg,2fdfdb94-1702-4eb6-bfda-ec20d606c0e8,approved,
e61691af-4340-453b-80b5-c9c0748a1091,perfume Oil, Mega Discount Impression of Acqua Di Gio by GiorgioArmani concentrated attar perfume Oil,13,65,https://i.dummyjson.com/data/products/11/1.jpg,2fdfdb94-1702-4eb6-bfda-ec20d606c0e8,approved,
ece49d90-e285-4d4e-9ed0-be22211bc077,Brown Perfume,Royal_Mirage Sport Brown Perfume for Men & Women - 120ml,40,52,https://i.dummyjson.com/data/products/12/1.jpg,2fdfdb94-1702-4eb6-bfda-ec20d606c0e8,approved,
1484505b-86c0-4c30-9d38-3a771ae5f458,Fog Scent Xpressio Perfume,Product details of Best Fog Scent Xpressio Perfume 100ml For Men cool long lasting perfumes for Men,13,61,https://i.dummyjson.com/data/products/13/1.jpg,2fdfdb94-1702-4eb6-bfda-ec20d606c0e8,approved,
d9e2ba6c-ca04-4cf6-b192-b55992305259,Non-Alcoholic Concentrated Perfume Oil,Original Al Munakh® by Mahal Al Musk | Our Impression of Climate | 6ml Non-Alcoholic Concentrated Perfume Oil,120,114,https://i.dummyjson.com/data/products/14/1.jpg,2fdfdb94-1702-4eb6-bfda-ec20d606c0e8,approved,
85349e10-73f7-40b1-871b-95b5c9477eba,Eau De Perfume Spray,Genuine  Al-Rehab spray perfume from UAE/Saudi Arabia/Yemen High Quality,30,105,https://i.dummyjson.com/data/products/15/1.jpg,2fdfdb94-1702-4eb6-bfda-ec20d606c0e8,approved,
367d6f7a-aa28-4763-882a-48a782288466,Hyaluronic Acid Serum,L'OrÃ©al Paris introduces Hyaluron Expert Replumping Serum formulated with 1.5% Hyaluronic Acid,19,110,https://i.dummyjson.com/data/products/16/1.png,2fdfdb94-1702-4eb6-bfda-ec20d606c0e8,approved,
4eab1b0c-7cc6-467b-8cec-90b5400059e4,Skin Beauty Serum.,Product name: rorec collagen hyaluronic acid white face serum riceNet weight: 15 m,46,54,https://i.dummyjson.com/data/products/19/1.jpg,2fdfdb94-1702-4eb6-bfda-ec20d606c0e8,approved,
03e8f2b5-ae45-474e-9bef-b47fcddba23a,Tree Oil 30ml,Tea tree oil contains a number of compounds including terpinen-4-ol that have been shown to kill certain bacteria,12,78,https://i.dummyjson.com/data/products/17/1.jpg,2fdfdb94-1702-4eb6-bfda-ec20d606c0e8,approved,
b88b0d75-fb57-449d-9477-7b9890c7c538,Oil Free Moisturizer 100ml,Dermive Oil Free Moisturizer with SPF 20 is specifically formulated with ceramides hyaluronic acid & sunscreen.,40,88,https://i.dummyjson.com/data/products/18/1.jpg,2fdfdb94-1702-4eb6-bfda-ec20d606c0e8,approved,
803c0046-4f01-4ac3-8af7-9972c57bf6b7,Freckle Treatment Cream- 15gm,Fair & Clear is Pakistan's only pure Freckle cream which helpsfade Freckles Darkspots and pigments. Mercury level is 0% so there are no side effects.,70,140,https://i.dummyjson.com/data/products/20/1.jpg,2fdfdb94-1702-4eb6-bfda-ec20d606c0e8,approved,
c8d2bd02-268a-4531-9077-f636fcbf654b,- Daal Masoor 500 grams,Fine quality Branded Product Keep in a cool and dry place,20,133,https://i.dummyjson.com/data/products/21/1.png,2fdfdb94-1702-4eb6-bfda-ec20d606c0e8,approved,
9cee29d6-8921-4387-a688-19b5c6858efa,Elbow Macaroni - 400 gm,Product details of Bake Parlor Big Elbow Macaroni - 400 gm,14,146,https://i.dummyjson.com/data/products/22/1.jpg,2fdfdb94-1702-4eb6-bfda-ec20d606c0e8,approved,
fb4ba2a7-c34e-44e8-8358-a8ef989747a2,Orange Essence Food Flavou,Specifications of Orange Essence Food Flavour For Cakes and Baking Food Item,14,26,https://i.dummyjson.com/data/products/23/1.jpg,2fdfdb94-1702-4eb6-bfda-ec20d606c0e8,approved,
be1e0b6d-2caf-4c57-a16d-e79ea9030e2c,cereals muesli fruit nuts,original fauji cereal muesli 250gm box pack original fauji cereals muesli fruit nuts flakes breakfast cereal break fast faujicereals cerels cerel foji fouji,46,113,https://i.dummyjson.com/data/products/24/1.jpg,2fdfdb94-1702-4eb6-bfda-ec20d606c0e8,approved,
029f0f8b-f144-41e8-96f2-ae418922d9dd,Gulab Powder 50 Gram,Dry Rose Flower Powder Gulab Powder 50 Gram • Treats Wounds,70,47,https://i.dummyjson.com/data/products/25/1.png,2fdfdb94-1702-4eb6-bfda-ec20d606c0e8,approved,
0c82beda-784d-4290-a510-0dfb90d10224,Plant Hanger For Home,Boho Decor Plant Hanger For Home Wall Decoration Macrame Wall Hanging Shelf,41,131,https://i.dummyjson.com/data/products/26/1.jpg,2fdfdb94-1702-4eb6-bfda-ec20d606c0e8,approved,
6a3b9db8-139e-4f93-9d12-e9a979050f4a,Flying Wooden Bird,Package Include 6 Birds with Adhesive Tape Shape: 3D Shaped Wooden Birds Material: Wooden MDF Laminated 3.5mm,51,17,https://i.dummyjson.com/data/products/27/1.jpg,2fdfdb94-1702-4eb6-bfda-ec20d606c0e8,approved,
fb680b72-f43f-4b53-b6f1-e10a8109fd62,3D Embellishment Art Lamp,3D led lamp sticker Wall sticker 3d wall art light on/off button  cell operated (included),20,54,https://i.dummyjson.com/data/products/28/1.jpg,2fdfdb94-1702-4eb6-bfda-ec20d606c0e8,approved,
585b476d-2d8e-42a6-8265-d46b8e94c7f3,Handcraft Chinese style,Handcraft Chinese style art luxury palace hotel villa mansion home decor ceramic vase with brass fruit plate,60,7,https://i.dummyjson.com/data/products/29/1.jpg,2fdfdb94-1702-4eb6-bfda-ec20d606c0e8,approved,
9b32bd13-776c-4f13-85fd-449c568be00c,Key Holder,Attractive DesignMetallic materialFour key hooksReliable & DurablePremium Quality,30,54,https://i.dummyjson.com/data/products/30/1.jpg,2fdfdb94-1702-4eb6-bfda-ec20d606c0e8,approved,
abeb86ab-3f4b-4e88-9e89-abee31ccd5d3,iPhone X,SIM-Free Model A19211 6.5-inch Super Retina HD display with OLED technology A12 Bionic chip with ...,899,34,https://i.dummyjson.com/data/products/2/1.jpg,2fdfdb94-1702-4eb6-bfda-ec20d606c0e8,approved,
cf68cb35-a3d6-4a3f-9525-6d7f0c995739,iPhone 9,An apple mobile which is nothing like apple,549,94,https://i.dummyjson.com/data/products/1/1.jpg,2fdfdb94-1702-4eb6-bfda-ec20d606c0e8,approved,
cf7a2c66-20f2-427b-bb61-8b5ec33a06fe,Samsung Universe 9,Samsung's new variant which goes beyond Galaxy to the Universe,1249,36,https://i.dummyjson.com/data/products/3/1.jpg,2fdfdb94-1702-4eb6-bfda-ec20d606c0e8,approved,
fb92134a-027a-492e-ab38-03a11314505b,OPPOF19,OPPO F19 is officially announced on April 2021.,280,123,https://i.dummyjson.com/data/products/4/1.jpg,2fdfdb94-1702-4eb6-bfda-ec20d606c0e8,approved,
6151ae3c-49ba-4d91-9ce9-1f8370aaa6f8,Huawei P30,Huawei’s re-badged P30 Pro New Edition was officially unveiled yesterday in Germany and now the device has made its way to the UK.,499,32,https://i.dummyjson.com/data/products/5/1.jpg,2fdfdb94-1702-4eb6-bfda-ec20d606c0e8,approved,
02b65aac-c928-4f19-93ed-22e07e037bf4,Microsoft Surface Laptop 4,Style and speed. Stand out on HD video calls backed by Studio Mics. Capture ideas on the vibrant touchscreen.,1499,68,https://i.dummyjson.com/data/products/8/1.jpg,2fdfdb94-1702-4eb6-bfda-ec20d606c0e8,approved,
8bbfce0b-2b31-425f-b8d1-a9085abb42fe,Samsung Galaxy Book,Samsung Galaxy Book S (2020) Laptop With Intel Lakefield Chip 8GB of RAM Launched,1499,50,https://i.dummyjson.com/data/products/7/1.jpg,2fdfdb94-1702-4eb6-bfda-ec20d606c0e8,approved,
8dbfcca3-38ee-4673-a6f1-6b6c88f5a85d,MacBook Pro,MacBook Pro 2021 with mini-LED display may launch between September November,1749,83,https://i.dummyjson.com/data/products/6/1.png,2fdfdb94-1702-4eb6-bfda-ec20d606c0e8,approved,
d4fd4270-c4c6-40dc-ab1c-2a8252938d16,Infinix INBOOK,Infinix Inbook X1 Ci3 10th 8GB 256GB 14 Win10 Grey – 1 Year Warranty,1099,96,https://i.dummyjson.com/data/products/9/1.jpg,2fdfdb94-1702-4eb6-bfda-ec20d606c0e8,approved,
a35cdc94-4618-4065-a26c-f14c7d252917,HP Pavilion 15-DK1056WM,HP Pavilion 15-DK1056WM Gaming Laptop 10th Gen Core i5 8GB 256GB SSD GTX 1650 4GB Windows 10,1099,89,https://i.dummyjson.com/data/products/10/1.jpg,2fdfdb94-1702-4eb6-bfda-ec20d606c0e8,approved,
7ca5c36a-1dd7-406b-8546-fb8b7558d7b0,Brown Perfume,Royal_Mirage Sport Brown Perfume for Men & Women - 120ml,40,52,https://i.dummyjson.com/data/products/12/1.jpg,2fdfdb94-1702-4eb6-bfda-ec20d606c0e8,approved,
5aa43079-58cb-443a-b28a-c1f860c3ade4,perfume Oil,Mega Discount Impression of Acqua Di Gio by GiorgioArmani concentrated attar perfume Oil,13,65,https://i.dummyjson.com/data/products/11/1.jpg,2fdfdb94-1702-4eb6-bfda-ec20d606c0e8,approved,
652e94a5-7705-426e-9f79-65827081ef84,Fog Scent Xpressio Perfume,Product details of Best Fog Scent Xpressio Perfume 100ml For Men cool long lasting perfumes for Men,13,61,https://i.dummyjson.com/data/products/13/1.jpg,2fdfdb94-1702-4eb6-bfda-ec20d606c0e8,approved,
e904e540-c9bb-4b46-8199-90439204f2d0,Non-Alcoholic Concentrated Perfume Oil,Original Al Munakh® by Mahal Al Musk | Our Impression of Climate | 6ml Non-Alcoholic Concentrated Perfume Oil,120,114,https://i.dummyjson.com/data/products/14/1.jpg,2fdfdb94-1702-4eb6-bfda-ec20d606c0e8,approved,
3d2d12ab-aef9-40fc-9f97-eb64c02ac37e,Eau De Perfume Spray,Genuine  Al-Rehab spray perfume from UAE/Saudi Arabia/Yemen High Quality,30,105,https://i.dummyjson.com/data/products/15/1.jpg,2fdfdb94-1702-4eb6-bfda-ec20d606c0e8,approved,
ff8acb01-1840-4afb-930c-4554a72a9f8c,Hyaluronic Acid Serum,L'OrÃ©al Paris introduces Hyaluron Expert Replumping Serum formulated with 1.5% Hyaluronic Acid,19,110,https://i.dummyjson.com/data/products/16/1.png,2fdfdb94-1702-4eb6-bfda-ec20d606c0e8,approved,
f271d7e0-db46-4d50-ba94-bce803c421b6,Tree Oil 30ml,Tea tree oil contains a number of compounds including terpinen-4-ol that have been shown to kill certain bacteria,12,78,https://i.dummyjson.com/data/products/17/1.jpg,2fdfdb94-1702-4eb6-bfda-ec20d606c0e8,approved,
5fd42c46-d93b-4f3e-995e-966dc72154d6,Oil Free Moisturizer 100ml,Dermive Oil Free Moisturizer with SPF 20 is specifically formulated with ceramides hyaluronic acid & sunscreen.,40,88,https://i.dummyjson.com/data/products/18/1.jpg,2fdfdb94-1702-4eb6-bfda-ec20d606c0e8,approved,
4b9cbba6-ed63-43c2-b571-a0442e13dabf,Skin Beauty Serum.,Product name: rorec collagen hyaluronic acid white face serum riceNet weight: 15 m,46,54,https://i.dummyjson.com/data/products/19/1.jpg,2fdfdb94-1702-4eb6-bfda-ec20d606c0e8,approved,
e8b14f0a-70f9-45fa-b388-6dc3f50a6cf3,Freckle Treatment Cream- 15gm,Fair & Clear is Pakistan's only pure Freckle cream which helpsfade Freckles Darkspots and pigments. Mercury level is 0% so there are no side effects.,70,140,https://i.dummyjson.com/data/products/20/1.jpg,2fdfdb94-1702-4eb6-bfda-ec20d606c0e8,approved,
882c59ef-1a49-438d-91cd-6ed4f18f8afa,- Daal Masoor 500 grams,Fine quality Branded Product Keep in a cool and dry place,20,133,https://i.dummyjson.com/data/products/21/1.png,2fdfdb94-1702-4eb6-bfda-ec20d606c0e8,approved,
7746ee5d-ead5-4a10-8c98-04ecb3d6b242,Elbow Macaroni - 400 gm,Product details of Bake Parlor Big Elbow Macaroni - 400 gm,14,146,https://i.dummyjson.com/data/products/22/1.jpg,2fdfdb94-1702-4eb6-bfda-ec20d606c0e8,approved,
671b9aa0-fbf2-42b1-b106-778a78752f45,cereals muesli fruit nuts,original fauji cereal muesli 250gm box pack original fauji cereals muesli fruit nuts flakes breakfast cereal break fast faujicereals cerels cerel foji fouji,46,113,https://i.dummyjson.com/data/products/24/1.jpg,2fdfdb94-1702-4eb6-bfda-ec20d606c0e8,approved,
56948830-5615-4e4c-95d3-1bddb632f501,Orange Essence Food Flavou,Specifications of Orange Essence Food Flavour For Cakes and Baking Food Item,14,26,https://i.dummyjson.com/data/products/23/1.jpg,2fdfdb94-1702-4eb6-bfda-ec20d606c0e8,approved,
7800000f-cbde-4e9d-a0af-77fb83da1f6b,Gulab Powder 50 Gram,Dry Rose Flower Powder Gulab Powder 50 Gram • Treats Wounds,70,47,https://i.dummyjson.com/data/products/25/1.png,2fdfdb94-1702-4eb6-bfda-ec20d606c0e8,approved,
65f30c46-0ad2-416b-9280-976e717ff30c,Plant Hanger For Home,Boho Decor Plant Hanger For Home Wall Decoration Macrame Wall Hanging Shelf,41,131,https://i.dummyjson.com/data/products/26/1.jpg,2fdfdb94-1702-4eb6-bfda-ec20d606c0e8,approved,
c6c850ac-c2ce-4867-a915-3cfc26efdb23,3D Embellishment Art Lamp,3D led lamp sticker Wall sticker 3d wall art light on/off button  cell operated (included),20,54,https://i.dummyjson.com/data/products/28/1.jpg,2fdfdb94-1702-4eb6-bfda-ec20d606c0e8,approved,
53ef0a13-9cb8-4d47-82b7-9307142b80d7,Flying Wooden Bird,Package Include 6 Birds with Adhesive Tape Shape: 3D Shaped Wooden Birds Material: Wooden MDF Laminated 3.5mm,51,17,https://i.dummyjson.com/data/products/27/1.jpg,2fdfdb94-1702-4eb6-bfda-ec20d606c0e8,approved,
3fbdf604-338c-4d1f-8905-2fa0bc3511f8,Handcraft Chinese style,Handcraft Chinese style art luxury palace hotel villa mansion home decor ceramic vase with brass fruit plate,60,7,https://i.dummyjson.com/data/products/29/1.jpg,2fdfdb94-1702-4eb6-bfda-ec20d606c0e8,approved,
f9ca8727-777e-4639-9444-d82794d841ba,Key Holder,Attractive DesignMetallic materialFour key hooksReliable & DurablePremium Quality,30,54,https://i.dummyjson.com/data/products/30/1.jpg,2fdfdb94-1702-4eb6-bfda-ec20d606c0e8,approved,
454ae548-510d-4761-91c4-bf3f9163ac8b,iPhone X,SIM-Free Model A19211 6.5-inch Super Retina HD display with OLED technology A12 Bionic chip with ...,899,34,https://i.dummyjson.com/data/products/2/1.jpg,2fdfdb94-1702-4eb6-bfda-ec20d606c0e8,approved,
93cac151-142f-4b98-86d9-804596288b40,iPhone 9,An apple mobile which is nothing like apple,549,94,https://i.dummyjson.com/data/products/1/1.jpg,2fdfdb94-1702-4eb6-bfda-ec20d606c0e8,approved,
9ee815b4-9539-41ca-a386-20061fb1b41f,Samsung Universe 9,Samsung's new variant which goes beyond Galaxy to the Universe,1249,36,https://i.dummyjson.com/data/products/3/1.jpg,2fdfdb94-1702-4eb6-bfda-ec20d606c0e8,approved,
78fa8590-88fa-476a-8208-788c2057c87e,OPPOF19,OPPO F19 is officially announced on April 2021.,280,123,https://i.dummyjson.com/data/products/4/1.jpg,2fdfdb94-1702-4eb6-bfda-ec20d606c0e8,approved,
ce3ba1ac-733e-4779-94e1-d8dd6e5ccbb1,Huawei P30,Huawei’s re-badged P30 Pro New Edition was officially unveiled yesterday in Germany and now the device has made its way to the UK.,499,32,https://i.dummyjson.com/data/products/5/1.jpg,2fdfdb94-1702-4eb6-bfda-ec20d606c0e8,approved,
54185e66-d1ae-4698-bbe1-3ca64d385dfa,MacBook Pro,MacBook Pro 2021 with mini-LED display may launch between September November,1749,83,https://i.dummyjson.com/data/products/6/1.png,2fdfdb94-1702-4eb6-bfda-ec20d606c0e8,approved,
bf0138a0-456e-4943-b8d7-c3aebec6f08a,Samsung Galaxy Book,Samsung Galaxy Book S (2020) Laptop With Intel Lakefield Chip 8GB of RAM Launched,1499,50,https://i.dummyjson.com/data/products/7/1.jpg,2fdfdb94-1702-4eb6-bfda-ec20d606c0e8,approved,
a3bd323a-de13-49e3-a7c3-7d62d86643cc,Microsoft Surface Laptop 4,Style and speed. Stand out on HD video calls backed by Studio Mics. Capture ideas on the vibrant touchscreen.,1499,68,https://i.dummyjson.com/data/products/8/1.jpg,2fdfdb94-1702-4eb6-bfda-ec20d606c0e8,approved,
be986f22-c06f-41c1-9760-7533007d2821,Infinix INBOOK,Infinix Inbook X1 Ci3 10th 8GB 256GB 14 Win10 Grey – 1 Year Warranty,1099,96,https://i.dummyjson.com/data/products/9/1.jpg,2fdfdb94-1702-4eb6-bfda-ec20d606c0e8,approved,
76bfe5ad-a7a7-4675-aba6-b434d8804fd9,HP Pavilion 15-DK1056WM,HP Pavilion 15-DK1056WM Gaming Laptop 10th Gen Core i5 8GB 256GB SSD GTX 1650 4GB Windows 10,1099,89,https://i.dummyjson.com/data/products/10/1.jpg,2fdfdb94-1702-4eb6-bfda-ec20d606c0e8,approved,
eedfa388-f6a7-4915-aff6-723e5468c1a4,perfume Oil,Mega Discount Impression of Acqua Di Gio by GiorgioArmani concentrated attar perfume Oil,13,65,https://i.dummyjson.com/data/products/11/1.jpg,2fdfdb94-1702-4eb6-bfda-ec20d606c0e8,approved,
85f9f651-817c-4a76-b06f-b9bec48f0e18,Brown Perfume,Royal_Mirage Sport Brown Perfume for Men & Women - 120ml,40,52,https://i.dummyjson.com/data/products/12/1.jpg,2fdfdb94-1702-4eb6-bfda-ec20d606c0e8,approved,
00ad38f8-dca5-43d2-8507-f97170d70f37,Fog Scent Xpressio Perfume,Product details of Best Fog Scent Xpressio Perfume 100ml For Men cool long lasting perfumes for Men,13,61,https://i.dummyjson.com/data/products/13/1.jpg,2fdfdb94-1702-4eb6-bfda-ec20d606c0e8,approved,
ae6ae179-47e4-4078-8e19-39cfbc6ec412,Non-Alcoholic Concentrated Perfume Oil,Original Al Munakh® by Mahal Al Musk | Our Impression of Climate | 6ml Non-Alcoholic Concentrated Perfume Oil,120,114,https://i.dummyjson.com/data/products/14/1.jpg,2fdfdb94-1702-4eb6-bfda-ec20d606c0e8,approved,
ab260daa-7333-4766-bd07-68d8cba74f4b,Eau De Perfume Spray,Genuine  Al-Rehab spray perfume from UAE/Saudi Arabia/Yemen High Quality,30,105,https://i.dummyjson.com/data/products/15/1.jpg,2fdfdb94-1702-4eb6-bfda-ec20d606c0e8,approved,
ed16fee2-3c9b-4d43-acf2-f0d8e712e30b,Hyaluronic Acid Serum,L'OrÃ©al Paris introduces Hyaluron Expert Replumping Serum formulated with 1.5% Hyaluronic Acid,19,110,https://i.dummyjson.com/data/products/16/1.png,2fdfdb94-1702-4eb6-bfda-ec20d606c0e8,approved,
9541b46d-d7b6-4da9-adba-1e2612986cdf,Tree Oil 30ml,Tea tree oil contains a number of compounds including terpinen-4-ol that have been shown to kill certain bacteria,12,78,https://i.dummyjson.com/data/products/17/1.jpg,2fdfdb94-1702-4eb6-bfda-ec20d606c0e8,approved,
da95150b-725b-4917-a5c1-804bdb3bd7d6,Oil Free Moisturizer 100ml,Dermive Oil Free Moisturizer with SPF 20 is specifically formulated with ceramides hyaluronic acid & sunscreen.,40,88,https://i.dummyjson.com/data/products/18/1.jpg,2fdfdb94-1702-4eb6-bfda-ec20d606c0e8,approved,
49071fe5-8f2f-495b-b6d4-d46a94054aa7,Skin Beauty Serum.,Product name: rorec collagen hyaluronic acid white face serum riceNet weight: 15 m,46,54,https://i.dummyjson.com/data/products/19/1.jpg,2fdfdb94-1702-4eb6-bfda-ec20d606c0e8,approved,
e8c38946-495b-4a8c-a837-8e3e4edcda40,Freckle Treatment Cream- 15gm,Fair & Clear is Pakistan's only pure Freckle cream which helpsfade Freckles Darkspots and pigments. Mercury level is 0% so there are no side effects.,70,140,https://i.dummyjson.com/data/products/20/1.jpg,2fdfdb94-1702-4eb6-bfda-ec20d606c0e8,approved,
267e9718-e481-4fb6-9acf-c94c57ef0a23,- Daal Masoor 500 grams,Fine quality Branded Product Keep in a cool and dry place,20,133,https://i.dummyjson.com/data/products/21/1.png,2fdfdb94-1702-4eb6-bfda-ec20d606c0e8,approved,
48cfbb3d-6e03-45bf-873e-69eb8f264f40,Elbow Macaroni - 400 gm,Product details of Bake Parlor Big Elbow Macaroni - 400 gm,14,146,https://i.dummyjson.com/data/products/22/1.jpg,2fdfdb94-1702-4eb6-bfda-ec20d606c0e8,approved,
0daf157d-28ef-45aa-b7fd-76b9bf0ae757,Orange Essence Food Flavou,Specifications of Orange Essence Food Flavour For Cakes and Baking Food Item,14,26,https://i.dummyjson.com/data/products/23/1.jpg,2fdfdb94-1702-4eb6-bfda-ec20d606c0e8,approved,
37e2b2a2-55eb-430b-bdf5-e172a5766f87,cereals muesli fruit nuts,original fauji cereal muesli 250gm box pack original fauji cereals muesli fruit nuts flakes breakfast cereal break fast faujicereals cerels cerel foji fouji,46,113,https://i.dummyjson.com/data/products/24/1.jpg,2fdfdb94-1702-4eb6-bfda-ec20d606c0e8,approved,
2b6d36e1-5840-4dac-991f-3210aa6894d4,Gulab Powder 50 Gram,Dry Rose Flower Powder Gulab Powder 50 Gram • Treats Wounds,70,47,https://i.dummyjson.com/data/products/25/1.png,2fdfdb94-1702-4eb6-bfda-ec20d606c0e8,approved,
f132c887-c773-4606-b137-21db106e1f79,Plant Hanger For Home,Boho Decor Plant Hanger For Home Wall Decoration Macrame Wall Hanging Shelf,41,131,https://i.dummyjson.com/data/products/26/1.jpg,2fdfdb94-1702-4eb6-bfda-ec20d606c0e8,approved,
92e99cd4-f0d7-4363-8420-2daaf5b26e20,Flying Wooden Bird,Package Include 6 Birds with Adhesive Tape Shape: 3D Shaped Wooden Birds Material: Wooden MDF Laminated 3.5mm,51,17,https://i.dummyjson.com/data/products/27/1.jpg,2fdfdb94-1702-4eb6-bfda-ec20d606c0e8,approved,
e15d8231-9ebf-4e29-8045-ee14ecc786eb,3D Embellishment Art Lamp,3D led lamp sticker Wall sticker 3d wall art light on/off button  cell operated (included),20,54,https://i.dummyjson.com/data/products/28/1.jpg,2fdfdb94-1702-4eb6-bfda-ec20d606c0e8,approved,
7dfbecac-f068-4ed1-bcb3-d9510c67f18b,Handcraft Chinese style,Handcraft Chinese style art luxury palace hotel villa mansion home decor ceramic vase with brass fruit plate,60,7,https://i.dummyjson.com/data/products/29/1.jpg,2fdfdb94-1702-4eb6-bfda-ec20d606c0e8,approved,
280e2f88-ca0f-423c-a6e9-6410ea589ba1,Key Holder,Attractive DesignMetallic materialFour key hooksReliable & DurablePremium Quality,30,54,https://i.dummyjson.com/data/products/30/1.jpg,2fdfdb94-1702-4eb6-bfda-ec20d606c0e8,approved,
e61092ff-b7f4-4fa9-95e3-0b43f1db16a6,iPhone 9,An apple mobile which is nothing like apple,549,94,https://i.dummyjson.com/data/products/1/1.jpg,2fdfdb94-1702-4eb6-bfda-ec20d606c0e8,approved,
6faa9e1b-7749-4b85-96b4-5b70ab36d632,iPhone X,SIM-Free Model A19211 6.5-inch Super Retina HD display with OLED technology A12 Bionic chip with ...,899,34,https://i.dummyjson.com/data/products/2/1.jpg,2fdfdb94-1702-4eb6-bfda-ec20d606c0e8,approved,
037952ad-fa39-4ed1-8d6f-4d73204392da,Samsung Universe 9,Samsung's new variant which goes beyond Galaxy to the Universe,1249,36,https://i.dummyjson.com/data/products/3/1.jpg,2fdfdb94-1702-4eb6-bfda-ec20d606c0e8,approved,
7e1ba805-fcb3-474f-b72f-59304f9c1777,OPPOF19,OPPO F19 is officially announced on April 2021.,280,123,https://i.dummyjson.com/data/products/4/1.jpg,2fdfdb94-1702-4eb6-bfda-ec20d606c0e8,approved,
6f753ff8-499a-4348-94fe-7eded4ce8006,Huawei P30,Huawei’s re-badged P30 Pro New Edition was officially unveiled yesterday in Germany and now the device has made its way to the UK.,499,32,https://i.dummyjson.com/data/products/5/1.jpg,2fdfdb94-1702-4eb6-bfda-ec20d606c0e8,approved,
d2ab670d-a4b9-47d5-a506-ee12a004333f,MacBook Pro,MacBook Pro 2021 with mini-LED display may launch between September November,1749,83,https://i.dummyjson.com/data/products/6/1.png,2fdfdb94-1702-4eb6-bfda-ec20d606c0e8,approved,
2d7b67ec-39d0-4026-8b86-8b4d2577b91f,Samsung Galaxy Book,Samsung Galaxy Book S (2020) Laptop With Intel Lakefield Chip 8GB of RAM Launched,1499,50,https://i.dummyjson.com/data/products/7/1.jpg,2fdfdb94-1702-4eb6-bfda-ec20d606c0e8,approved,
1c5beb74-f281-4a8c-80f4-d974fa97118d,Microsoft Surface Laptop 4,Style and speed. Stand out on HD video calls backed by Studio Mics. Capture ideas on the vibrant touchscreen.,1499,68,https://i.dummyjson.com/data/products/8/1.jpg,2fdfdb94-1702-4eb6-bfda-ec20d606c0e8,approved,
3f01ce75-62bc-4556-9b8f-3c80a86c5879,Infinix INBOOK,Infinix Inbook X1 Ci3 10th 8GB 256GB 14 Win10 Grey – 1 Year Warranty,1099,96,https://i.dummyjson.com/data/products/9/1.jpg,2fdfdb94-1702-4eb6-bfda-ec20d606c0e8,approved,
2aef3006-fac0-47c7-9e7c-ed918b30b2f0,HP Pavilion 15-DK1056WM,HP Pavilion 15-DK1056WM Gaming Laptop 10th Gen Core i5 8GB 256GB SSD GTX 1650 4GB Windows 10,1099,89,https://i.dummyjson.com/data/products/10/1.jpg,2fdfdb94-1702-4eb6-bfda-ec20d606c0e8,approved,
d1638554-8ec9-4152-9e05-a0810adb274f,perfume Oil,Mega Discount Impression of Acqua Di Gio by GiorgioArmani concentrated attar perfume Oil,13,65,https://i.dummyjson.com/data/products/11/1.jpg,2fdfdb94-1702-4eb6-bfda-ec20d606c0e8,approved,
bb972890-356c-40f5-ab1b-9ed2242cdd0c,Brown Perfume,Royal_Mirage Sport Brown Perfume for Men & Women - 120ml,40,52,https://i.dummyjson.com/data/products/12/1.jpg,2fdfdb94-1702-4eb6-bfda-ec20d606c0e8,approved,
0c22f373-ac82-49a2-9815-eb13e8db0c5a,Fog Scent Xpressio Perfume,Product details of Best Fog Scent Xpressio Perfume 100ml For Men cool long lasting perfumes for Men,13,61,https://i.dummyjson.com/data/products/13/1.jpg,2fdfdb94-1702-4eb6-bfda-ec20d606c0e8,approved,
04c696b7-5db9-47c3-b819-18e7acc4401d,Non-Alcoholic Concentrated Perfume Oil,Original Al Munakh® by Mahal Al Musk | Our Impression of Climate | 6ml Non-Alcoholic Concentrated Perfume Oil,120,114,https://i.dummyjson.com/data/products/14/1.jpg,2fdfdb94-1702-4eb6-bfda-ec20d606c0e8,approved,
6b0187e7-3b92-4785-a19b-d27fea19e78f,Eau De Perfume Spray,Genuine  Al-Rehab spray perfume from UAE/Saudi Arabia/Yemen High Quality,30,105,https://i.dummyjson.com/data/products/15/1.jpg,2fdfdb94-1702-4eb6-bfda-ec20d606c0e8,approved,
2c3d12da-40b7-4450-88aa-15ac75ed8343,Hyaluronic Acid Serum,L'OrÃ©al Paris introduces Hyaluron Expert Replumping Serum formulated with 1.5% Hyaluronic Acid,19,110,https://i.dummyjson.com/data/products/16/1.png,2fdfdb94-1702-4eb6-bfda-ec20d606c0e8,approved,
a1d3484d-2752-40cf-a0c4-e9787449b964,Tree Oil 30ml,Tea tree oil contains a number of compounds including terpinen-4-ol that have been shown to kill certain bacteria,12,78,https://i.dummyjson.com/data/products/17/1.jpg,2fdfdb94-1702-4eb6-bfda-ec20d606c0e8,approved,
6f1cd1c6-3cd5-4a53-849c-1f124ca5d4a9,Oil Free Moisturizer 100ml,Dermive Oil Free Moisturizer with SPF 20 is specifically formulated with ceramides hyaluronic acid & sunscreen.,40,88,https://i.dummyjson.com/data/products/18/1.jpg,2fdfdb94-1702-4eb6-bfda-ec20d606c0e8,approved,
8e9ad8b6-9062-4189-adf1-db6ee6dba077,Skin Beauty Serum.,Product name: rorec collagen hyaluronic acid white face serum riceNet weight: 15 m,46,54,https://i.dummyjson.com/data/products/19/1.jpg,2fdfdb94-1702-4eb6-bfda-ec20d606c0e8,approved,
df86e333-8e7e-4fcd-8d5c-76599317a8b3,Freckle Treatment Cream- 15gm,Fair & Clear is Pakistan's only pure Freckle cream which helpsfade Freckles Darkspots and pigments. Mercury level is 0% so there are no side effects.,70,140,https://i.dummyjson.com/data/products/20/1.jpg,2fdfdb94-1702-4eb6-bfda-ec20d606c0e8,approved,
6991536f-d030-4f6e-9bb2-c8819076e2c0,- Daal Masoor 500 grams,Fine quality Branded Product Keep in a cool and dry place,20,133,https://i.dummyjson.com/data/products/21/1.png,2fdfdb94-1702-4eb6-bfda-ec20d606c0e8,approved,
8e4f4571-4eb6-44c1-bc85-f53c3a9c8de3,Elbow Macaroni - 400 gm,Product details of Bake Parlor Big Elbow Macaroni - 400 gm,14,146,https://i.dummyjson.com/data/products/22/1.jpg,2fdfdb94-1702-4eb6-bfda-ec20d606c0e8,approved,
8556ea34-b42c-4898-836e-49c16cd793dd,Orange Essence Food Flavou,Specifications of Orange Essence Food Flavour For Cakes and Baking Food Item,14,26,https://i.dummyjson.com/data/products/23/1.jpg,2fdfdb94-1702-4eb6-bfda-ec20d606c0e8,approved,
02e82fc2-fd62-4b33-9aef-ddf329f73576,cereals muesli fruit nuts,original fauji cereal muesli 250gm box pack original fauji cereals muesli fruit nuts flakes breakfast cereal break fast faujicereals cerels cerel foji fouji,46,113,https://i.dummyjson.com/data/products/24/1.jpg,2fdfdb94-1702-4eb6-bfda-ec20d606c0e8,approved,
eb1d07f7-5569-4482-889a-20bcea132615,Gulab Powder 50 Gram,Dry Rose Flower Powder Gulab Powder 50 Gram • Treats Wounds,70,47,https://i.dummyjson.com/data/products/25/1.png,2fdfdb94-1702-4eb6-bfda-ec20d606c0e8,approved,
ef3d3d44-e7a1-4615-a0a2-c22ff8bf378d,Plant Hanger For Home,Boho Decor Plant Hanger For Home Wall Decoration Macrame Wall Hanging Shelf,41,131,https://i.dummyjson.com/data/products/26/1.jpg,2fdfdb94-1702-4eb6-bfda-ec20d606c0e8,approved,
28f17ac2-4be5-4d82-8a42-5434d7a55dce,Flying Wooden Bird,Package Include 6 Birds with Adhesive Tape Shape: 3D Shaped Wooden Birds Material: Wooden MDF Laminated 3.5mm,51,17,https://i.dummyjson.com/data/products/27/1.jpg,2fdfdb94-1702-4eb6-bfda-ec20d606c0e8,approved,
cfc5b189-c1be-4bee-9b97-2550e71742ef,3D Embellishment Art Lamp,3D led lamp sticker Wall sticker 3d wall art light on/off button  cell operated (included),20,54,https://i.dummyjson.com/data/products/28/1.jpg,2fdfdb94-1702-4eb6-bfda-ec20d606c0e8,approved,
4b9762db-dc2d-46e1-9a0b-fd1f1128449b,Handcraft Chinese style,Handcraft Chinese style art luxury palace hotel villa mansion home decor ceramic vase with brass fruit plate,60,7,https://i.dummyjson.com/data/products/29/1.jpg,2fdfdb94-1702-4eb6-bfda-ec20d606c0e8,approved,
35cbbaf3-a4c0-43bf-abf2-c0212b68703d,Key Holder,Attractive DesignMetallic materialFour key hooksReliable & DurablePremium Quality,30,54,https://i.dummyjson.com/data/products/30/1.jpg,2fdfdb94-1702-4eb6-bfda-ec20d606c0e8,approved,
648c4975-5670-43f0-b341-202dcc680b35,iPhone 9,An apple mobile which is nothing like apple,549,94,https://i.dummyjson.com/data/products/1/1.jpg,2fdfdb94-1702-4eb6-bfda-ec20d606c0e8,approved,
1ee851a2-d0d7-4522-8e0d-0319b4d65b48,Samsung Universe ,Samsung's new variant which goes beyond Galaxy to the Universe,1249,36,https://i.dummyjson.com/data/products/3/1.jpg,2fdfdb94-1702-4eb6-bfda-ec20d606c0e8,approved,
040250c3-7b47-406c-a1ca-60dbd9d9b422,Huawei P30,Huawei’s re-badged P30 Pro New Edition was officially unveiled yesterday in Germany and now the device has made its way to the UK.,499,32,https://i.dummyjson.com/data/products/5/1.jpg,2fdfdb94-1702-4eb6-bfda-ec20d606c0e8,approved,
0be4a805-602f-4f86-b431-1f3ef70e50f8,iPhone X,SIM-Free Model A19211 6.5-inch Super Retina HD display with OLED technology A12 Bionic chip with ...,899,34,https://i.dummyjson.com/data/products/2/1.jpg,2fdfdb94-1702-4eb6-bfda-ec20d606c0e8,approved,
05031eb1-c5df-4fe8-b125-2507f30e2370,Infinix INBOOK,Infinix Inbook X1 Ci3 10th 8GB 256GB 14 Win10 Grey – 1 Year Warranty,1099,96,https://i.dummyjson.com/data/products/9/1.jpg,2fdfdb94-1702-4eb6-bfda-ec20d606c0e8,approved,
66ca53b0-b9cd-473f-a564-43bf5877e4a0,HP Pavilion 15-DK1056WM,HP Pavilion 15-DK1056WM Gaming Laptop 10th Gen Core i5 8GB 256GB SSD GTX 1650 4GB Windows 10,1099,89,https://i.dummyjson.com/data/products/10/1.jpg,2fdfdb94-1702-4eb6-bfda-ec20d606c0e8,approved,
456dfc7a-82b2-47cb-97d6-779977b21f03,perfume Oil,Mega Discount Impression of Acqua Di Gio by GiorgioArmani concentratd attar perfume Oil,13,65,https://i.dummyjson.com/data/products/11/1.jpg,2fdfdb94-1702-4eb6-bfda-ec20d606c0e8,approved,
46e7b1fb-e57a-4df4-99b5-d91b6058c8da,Microsoft Surface Laptop 4,Style and speed. Stand out on HD video calls backed by Studio Mics. Capture ideas on the vibrant touchscreen.,1499,68,https://i.dummyjson.com/data/products/8/1.jpg,2fdfdb94-1702-4eb6-bfda-ec20d606c0e8,approved,
7ae81629-8da8-4926-8dd6-345fa5f54a1a,Brown Perfume,Royal_Mirage Sport Brown Perfume for Men & Women - 120ml,40,52,https://i.dummyjson.com/data/products/12/1.jpg,2fdfdb94-1702-4eb6-bfda-ec20d606c0e8,approved,
5f43f287-b185-42d0-bb07-411c77ab501c,Fog Scent Xpressio Perfume,Product details of Best Fog Scent Xpressio Perfume 00mlFor Men col long lastin perfumes for Men,13,61,https://i.dummyjson.com/data/products/13/1.jpg,2fdfdb94-1702-4eb6-bfda-ec20d606c0e8,approved,
a1fd4337-74b7-4f07-b5b5-378fa9074d56,OPPOF19,OPPO F19 is offically announced on April 2021.,280,123,https://i.dummyjson.com/data/products/4/1.jpg,2fdfdb94-1702-4eb6-bfda-ec20d606c0e8,approved,
d340d70e-6d80-4381-b11f-3559cd194409,Eau De Perfume Spray,Genuine  Al-Rehab spray perfume from UAE/Saudi Arabia/Yemen High Quality,30,105,https://i.dummyjson.com/data/products/15/1.jpg,2fdfdb94-1702-4eb6-bfda-ec20d606c0e8,approved,
ee3096dc-af8d-4478-94eb-4dc8bfbd1de2,Hyaluronic Acid Serum,L'OrÃ©al Paris introduces Hyaluron Expert Replumping Serum formulated with 1.5% Hyaluronic Acid,19,110,https://i.dummyjson.com/data/products/16/1.png,2fdfdb94-1702-4eb6-bfda-ec20d606c0e8,approved,
ec13f2e3-1f8a-4b32-81fb-3d33a1c5b25f,Non-Alcoholic Concentrated Perfume Oil,Original Al Munakh® by Mahal Al Musk | Our Impression of Climate | 6ml Non-Alcoholic Concentrated Perfume Oil,120,114,https://i.dummyjson.com/data/products/14/1.jpg,2fdfdb94-1702-4eb6-bfda-ec20d606c0e8,approved,
8aaede92-7f3f-4e33-9343-a86811cd40b7,Tree Oil 30ml,Tea tree oil contains a number of compounds including terpinen-4-ol that have been shown to kill certain bacteria,12,78,https://i.dummyjson.com/data/products/17/1.jpg,2fdfdb94-1702-4eb6-bfda-ec20d606c0e8,approved,
b6d72be8-cc8e-497d-92f4-1cca12fd40d7,Skin Beauty Serum.,Product name: rorec collagen hyaluronic acid white face serum riceNet weight: 15 m,46,54,https://i.dummyjson.com/data/products/19/1.jpg,2fdfdb94-1702-4eb6-bfda-ec20d606c0e8,approved,
cf6c76e3-426b-471f-b6da-6b88d63d07a5,Freckle Treatment Cream- 15gm,Fair & Clear is Pakistan's nly pure Freckle cream wich helpsfade Freckles Darkspots and pigments. Mercury level is 0% so there are no side effects.,70,140,https://i.dummyjson.com/data/products/20/1.jpg,2fdfdb94-1702-4eb6-bfda-ec20d606c0e8,approved,
21a44302-d2f7-4be2-b8cf-385f0f41e9cb,Elbow Macaroni - 400 gm,Product details of Bake Parlor Big Elbow Macaroni - 400 gm,14,146,https://i.dummyjsoncom/data/products/22/1.jpg,2fdfdb94-1702-4eb6-bfda-ec20d606c0e8,approved,
8c1ab2c0-6db3-4901-8e61-baf5f0ba0a70,Oil Free Moisturizer 100ml,Dermive Oil Free Moisturizer with SPF 20 is specifically formulated with ceramides hyaluronic acid & sunscreen.,40,88,https://i.dummyjson.com/data/products/18/1.jpg,2fdfdb94-1702-4eb6-bfda-ec20d606c0e8,approved,
417a73d4-39a4-4abd-80e6-83cc96a8a63d,- Daal Masoor 500 grams,Fine quality Branded Product Keep in a cool and dry place,20,133,https://i.dummyjson.com/data/products/21/1.png,2fdfdb94-1702-4eb6-bfda-ec20d606c0e8,approved,
44e44596-fa6f-4acd-acd6-96012c4c8ca4,Orange Essence Food Flavou,Specifications of Orange Essence Food Flavour For Cakes and Baking Food Item,14,26,https://i.dummyjson.com/data/products/23/1.jpg,2fdfdb94-1702-4eb6-bfda-ec20d606c0e8,approved,
cbbf3bae-34d9-43ee-a545-1507693b6fdb,Gulab Powder 50 Gram,Dry Rose Flower Powder Gulab Powder 50 Gram • Treats Wounds,70,47,https://i.dummyjson.com/data/products/25/1.png,2fdfdb94-1702-4eb6-bfda-ec20d606c0e8,approved,
faa920e5-27d0-410e-bf9d-aff2e2f02f16,cereals muesli fruit nuts,original fauji cereal muesli 250gm box pack original fauji cereals muesli fruit nuts flakes breakfast cereal break fast faujicereals cerels cerel foji fouji,46,113,https://i.dummyjson.com/data/products/24/1.jpg,2fdfdb94-1702-4eb6-bfda-ec20d606c0e8,approved,
75f65250-e524-4ba2-aaa9-9b1873fb6b12,Plant Hanger For Home,Boho Decor Plant Hanger For Home Wall Decoration Macrame Wall Hanging Shelf,41,131,https:/i.dummyjson.com/data/products/26/1.jpg,2fdfdb94-1702-4eb6-bfda-ec20d606c0e8,approved,
310b8186-b276-43f4-9a29-d76dd5dd0029,Flying Wooden Bird,Package Include 6 Birds with Adhesive Tape Shape: 3D Shaped Wooden Birds Material: Wooden MDF Laminated 3.5mm,51,17,https://i.dummyjson.com/data/products/27/1.jpg,2fdfdb94-1702-4eb6-bfda-ec20d606c0e8,approved,
819cceb6-a956-4e3c-b2c8-56446c75feae,3D Embellishment Art Lamp,3D led lamp sticker Wall sticker 3d wall art light on/off button  cell operated (included),20,54,https://i.dummyjson.com/data/products/28/1.jpg,2fdfdb94-1702-4eb6-bfda-ec20d606c0e8,approved,
80bbe4d3-ee4e-468c-ba37-b7b7feb3d41c,Handcraft Chinese style,Handcraft Chinese style art luxury palace hotel villa mansion home decor ceramic vase with brass fruit plate,60,7,https://i.dummyjson.com/data/products/29/1.jpg,2fdfdb94-1702-4eb6-bfda-ec20d606c0e8,approved,
4ebbea1f-440a-4310-a2cd-24f120193527,Key Holder,Attractive DesignMetallic materialFour key hooksReliable & DurablePremium Quality,30,54,https://i.dummyjson.com/data/products/30/1.jpg,2fdfdb94-1702-4eb6-bfda-ec20d606c0e8,approved,
4f742a0e-6a06-44fd-885d-2e39c083b3af,Samsung Galaxy Bok,Samsung Galaxy Book S (2020) Laptop With Intel Lakefield Chip 8GB of RAM Launched,1499,50,https://i.dummyjson.com/data/products/7/1.jpg,2fdfdb94-1702-4eb6-bfda-ec20d606c0e8,approved,
3a9f33b4-eb1a-4c56-825b-8890c32cabd2,MacBook Pro,MacBook Pro 2021 with mini-LED display may launch between September November,1749,83,https://i.dummyjson.com/data/products/6/1.png,2fdfdb94-1702-4eb6-bfda-ec20d606c0e8,approved,
485a614d-5200-4dd7-a58f-309429f23884,iPhone 9,An apple mobile which is nothing like apple,549,94,https://i.dummyjson.com/data/products/1/1.jpg,2fdfdb94-1702-4eb6-bfda-ec20d606c0e8,approved,
ed398d2d-1050-4b1d-8d9d-d18ea71ba2eb,Samsung Universe 9,Samsung's new variant which goes beyond Galaxy to the Universe,1249,36,https://i.dummyjson.com/data/products/3/1.jpg,2fdfdb94-1702-4eb6-bfda-ec20d606c0e8,approved,
90828019-f487-404c-86a2-70b092385a98,OPPOF19,OPPO F19 is officially announced on April 2021.,280,123,https://i.dummyson.com/data/products/4/1.jpg,2fdfdb94-1702-4eb6-bfda-ec20d606c0e8,approved,
239a20d0-0afe-49cd-a687-01441847ca75,Huawei P30,Huaweis re-badged P30 Pro New Edition was officially unveiled yesterdy in Germany and now the device has made its way to the UK.,499,32,https://i.dummyjson.com/data/products/5/1.jpg,2fdfdb94-1702-4eb6-bfda-ec20d606c0e8,approved,
fbc0e895-4ce9-4dd9-8a02-95ac883c2593,Samsung Galaxy Book,Samsung Galaxy Book S (2020) Laptop With Intel Lakefield Chip 8GB of RAM Launched,1499,50,https://i.dummyjson.com/data/products/7/1.jpg,2fdfdb94-1702-4eb6-bfda-ec20d606c0e8,approved,
fda3c572-4899-43de-8854-fccc03dd355f,Microsoft Surface Laptop 4,Style and speed. Stand out on HD video calls backed by Studio Mics. Capture ideas on the vibrant touchscreen.,1499,68,https://i.dummyjson.com/data/products/8/1.jpg,2fdfdb94-1702-4eb6-bfda-ec20d606c0e8,approved,
38cc239a-244a-4ba7-83ea-8b6d9d2a56c4,MacBook Pro,MacBook Pro 221 with mini-LED display may launch between Septembe Noember,1749,83,https://i.ummyjson.com/data/products/6/1.png,2fdfdb94-1702-4eb6-bfda-ec20d606c0e8,approved,
65d7f531-b65d-4143-8f99-e9b76a392130,HP Pavilion 15-DK1056WM,H Pavilion 15-DK1056WM Gaming Laptop 10th Gen Core i5 8GB 256GB SSD GTX 1650 4GB Windows 10,1099,89,https://i.dummyjson.com/data/products/10/1.jpg,2fdfdb94-1702-4eb6-bfda-ec20d606c0e8,approved,
e66dc377-565a-4e7c-8c3a-68071d5c4e45,perfume Oil,Mega Discount Impression of Acqua Di Gio by GiorgioArmani concentrated attar perfume Oil,13,65,https://i.dummyjson.com/data/products/11/1.jpg,2fdfdb94-1702-4eb6-bfda-ec20d606c0e8,approved,
017f3d0c-dd9b-4c0d-83e4-3ab5a5254695,Infinix INBOOK,Infinix Inbook X1 Ci3 10th 8GB 256GB 14 Win10 Grey – 1 Year Warranty,1099,96,https://i.dummyjson.com/data/products/9/1.jpg,2fdfdb94-1702-4eb6-bfda-ec20d606c0e8,approved,
82e25e15-d54a-4b35-ba5d-4c1729cd15ef,iPhone X,SIM-Free Model A19211 6.5-inch Super Retina HD display with OLED technology A12 Bionic chip with ...,899,34,https://i.dummyjson.com/data/products/2/1.jpg,2fdfdb94-1702-4eb6-bfda-ec20d606c0e8,approved,
612eae64-0c88-4696-b58a-3a9d50214976,Fog Scent Xpressio Perfume,Product details of Best Fog Scent Xpressio Perfume 100ml For Men cool long lasting perfumes for Men,13,61,https://i.dummyjson.com/data/products/13/1.jpg,2fdfdb94-1702-4eb6-bfda-ec20d606c0e8,approved,
d801be2b-046d-49af-9b8a-62fb05c53701,Non-Alcoholic Concentrated Perfume Oil,Original Al Munakh® by Mahal Al Musk | Our Impression of Climate | 6ml Non-Alcoholic Concentrated Perfume Oil,120,114,https://i.dummyjson.com/data/products/14/1.jpg,2fdfdb94-1702-4eb6-bfda-ec20d606c0e8,approved,
59922f01-c044-45c1-a166-57aafe2b6fae,Tree Oil 30ml,Tea tree oil contains a number of compounds including terpinen-4-ol that have been shown to kill certain bacteria,12,78,https://i.dummyjson.com/data/products/17/1.jpg,2fdfdb94-1702-4eb6-bfda-ec20d606c0e8,approved,
6804c656-fd22-4f57-b1b7-7ea7aa58b82a,Eau De Perfume Spray,Genuine  Al-Rehab spray perfume fromUAE/Saudi Arabia/Yemen Hgh Quality,30,105,https://.dummyjson.com/data/products/15/1.jpg,2fdfdb94-1702-4eb6-bfda-ec20d606c0e8,approved,
778857f3-1dce-43d7-982f-5762ea23cf38,Hyaluronic Acid Serum,L'OrÃ©al Paris introduces Hyaluron Expert Replumping Serum formulated with 1.5% Hyaluronic Acid,19,110,https://i.dummyjson.com/data/products/16/1.png,2fdfdb94-1702-4eb6-bfda-ec20d606c0e8,approved,
281eff9d-44b3-41b2-b3d9-5c6d07b79a67,Oil Free Moisturizer 100ml,Dermive Oil Free Moisturizer with SPF 20 is specifically formulated with ceramides hyaluronic acid & sunscreen.,40,88,https://i.dummyjson.com/data/products/18/1.jpg,2fdfdb94-1702-4eb6-bfda-ec20d606c0e8,approved,
c1ee58ab-c2df-4e9c-8aa9-1711b5d6e11f,Freckle Treatment Cream- 15gm,Fair & Clear is Pakistan's only pure Freckle cream which helpsfade Freckles Darkspots and pigments. Mercury level is 0% so there are no side effects.,70,140,https://i.dummyjson.com/data/products/20/1.jpg,2fdfdb94-1702-4eb6-bfda-ec20d606c0e8,approved,
e1450936-d3a9-456e-a7ef-1ee7d91245cb,Skin Beauty Serum.,Product name: rorec collagen hyaluronic acid white face serum riceNet weight: 15 m,46,54,htps://i.dummyjson.com/data/products/19/1.jpg,2fdfdb94-1702-4eb6-bfda-ec20d606c0e8,approved,
c95a1610-87cd-422d-8b38-8d1dbf719603,Brown Perfume,Royal_Mirage Sport Brown Perfume for Men & Women - 120ml,40,52,https://i.dummyjson.com/data/products/12/1.jpg,2fdfdb94-1702-4eb6-bfda-ec20d606c0e8,approved,
2b2022a8-24da-4900-a537-e0d2c8726c89,- Daal Masoor 500 grams,Fine quality Branded Product Keep in a cool and dry place,20,133,https://i.dummyjson.com/data/products/21/1.png,2fdfdb94-1702-4eb6-bfda-ec20d606c0e8,approved,
76e17eb8-c1e4-4640-94fb-eed0d62b8fc7,Elbow Macaroni - 400 gm,Product details of Bake Parlor Big Elbow Macaroni - 400 gm,14,146,https://i.dummyjson.com/data/products/22/1.jpg,2fdfdb94-1702-4eb6-bfda-ec20d606c0e8,approved,
9ea65829-6abb-45ec-b047-95de8aaef4f3,Orange Essence Food Flavou,Specifications of Orange Essence Food Flavour For Cakes and Baking Food Item,14,26,https://i.dummyjson.com/data/products/23/1.jpg,2fdfdb94-1702-4eb6-bfda-ec20d606c0e8,approved,
2bf45eb8-0a39-450c-bff0-d4b2a220e7cf,cereals muesli fruit nuts,original fauji cereal muesli 250gm box pack original fauji cereals muesli fruit nuts flakes breakfast cereal break fast faujicereals cerels cerel foji fouji,46,113,https://i.dummyjson.com/data/products/24/1.jpg,2fdfdb94-1702-4eb6-bfda-ec20d606c0e8,approved,
cc6d99a8-7ff9-4f28-b786-43a0c3f623f5,Plant Hanger For Home,Boho Decor Plant Hanger For Home Wall Decoration Macrame Wall Hanging Shelf,41,131,https:/.dummyjson.com/data/products/26/1.jpg,2fdfdb94-1702-4eb6-bfda-ec20d606c0e8,approved,
fea1f919-be64-49f2-b65b-5b79bde62477,Gulab Powder 50 Gram,Dry Rose Flower Powder Gulab Powder 50 Gram • Treats Wounds,70,47,https://i.dummyjson.com/data/products/25/1.png,2fdfdb94-1702-4eb6-bfda-ec20d606c0e8,approved,
0797c93b-96fa-4575-b4bb-514a526d141c,Flying Wooden Bird,Package Include 6 Birds with Adhesive Tape Shape: 3D Shaped Wooden Birds Material: Wooden MDF Laminated 3.5mm,51,17,https://i.dummyjson.com/data/products/27/1.jpg,2fdfdb94-1702-4eb6-bfda-ec20d606c0e8,approved,
b739981d-0e13-4912-9775-56f66800aa14,Handcraft Chinese style,Handcraft Chinese style art luxury palace hotel villa mansion home decor ceramic vase with brass fruit plate,60,7,https://i.dummyjson.com/data/products/29/1.jpg,2fdfdb94-1702-4eb6-bfda-ec20d606c0e8,approved,
3fd4f28e-90c9-4596-bd67-f5dedd1e5076,3D Embellishment Art Lamp,3D led lamp sticker Wall sticker 3d wall art light on/ff button  cell operated (included),20,54,https://i.dummyjson.com/data/products/28/1.jpg,2fdfdb94-1702-4eb6-bfda-ec20d606c0e8,approved,
3ba18b6c-6ae6-4874-96b3-107e7736c1b6,Key Holder,Attracive DesignMetallic materialFour key hooksReliable & DurablePreium Quality,30,54,https://i.dummyjson.com/data/products/30/1.jpg,2fdfdb94-1702-4eb6-bfda-ec20d606c0e8,approved,
57b448e8-0b23-47ea-a5ee-0ff0af8f6f08,iPhone 9,An applemobile which is nothing like apple,549,94,https://i.dummyjson.com/data/products/1/1.jpg,2fdfdb94-1702-4eb6-bfda-ec20d606c0e8,approved,
af61d4fa-a42b-43fb-bb9b-e0aa17df8d14,iPhone X,SIM-Free Model A19211 6.5-inch Super Retina HD display with OLED technology A12 Bionic chip with ...,899,34,https://i.dummyjson.com/data/products/2/1.jpg,2fdfdb94-1702-4eb6-bfda-ec20d606c0e8,approved,
a12794a8-f367-4a47-aad9-2606c6137442,Samsung Universe 9,Samsung's new variant which goes beyond Galaxy to the Universe,1249,36,https://i.dummyjson.com/data/products/3/1.jpg,2fdfdb94-1702-4eb6-bfda-ec20d606c0e8,approved,
c3769cdc-7d2b-46c5-ae6e-0ff91338ec8d,OPPOF19,OPPO F19 is offically announced on April 2021.,280,123,https://i.dummyson.com/data/products/4/1.jpg,2fdfdb94-1702-4eb6-bfda-ec20d606c0e8,approved,
f120da86-c9a6-4246-a1f7-38639621e23b,Huawei P30,Huawei’s re-badged P30 Pro New Edition was officially unveiled yesterd in Germany and now the device has made its way to the UK.,499,32,https://i.dummyjson.com/data/products/5/1.jpg,2fdfdb94-1702-4eb6-bfda-ec20d606c0e8,approved,
de65309c-f386-438a-9469-f142835d5c25,MacBook Pro,MacBook Pro 2021 with mini-LED display may launch between September November,1749,83,https://i.dummyjson.com/data/products/6/1.png,2fdfdb94-1702-4eb6-bfda-ec20d606c0e8,approved,
b51255ee-8185-4ce7-a6ce-ced781dd99c8,HP Pavilion 15-DK1056WM,HP Pavilion 15-DK1056WM Gaming Laptop 10th Gen Core i 8GB 256GB SSD GTX 1650 4GB Windows 10,1099,89,https://i.dummyjson.com/data/products/10/1.jpg,2fdfdb94-1702-4eb6-bfda-ec20d606c0e8,approved,
947ddf30-29a6-4240-a040-f6a49839fa2d,Samsung Galaxy Book,Samsung Galaxy Book S (2020) Laptop With Intel Lakefield ip B of RAM anched,1499,10,ttps://i.dummyjson.com/data/products/7/1.jpg,2fdfdb94-1702-4eb6-bfda-ec20d606c0e8,approved,
416fd11a-1769-4bde-b6c4-298d020c9631,Infinix INBOOK,Infinix Inok X1 Ci3 10th 8GB 256GB 14 Win10 Grey – 1 Year Warranty,1099,96,https://i.dummyjson.com/data/products/9/1.jpg,2fdfdb94-1702-4eb6-bfda-ec20d606c0e8,approved,
16c87835-8dbd-4ff3-93c8-9ec023d40526,Non-Alcoholic Concentrated Perfume Oil,Original Al Munakh® by Mahal Al Musk | Our Impression of Climate | 6ml Non-Alcoholic Concentrated Perfume Oil,120,114,https://i.dummyjson.com/data/products/14/1.jpg,2fdfdb94-1702-4eb6-bfda-ec20d606c0e8,approved,
cf222f11-eef2-458b-a11d-08cfdb88eb76,perfume Oil,Mega iscount Impression of Acqua Di Gio by GiorgioArmani concentrated attar perfume Oil,13,65,https://i.dummyjson.com/data/products/11/1.jpg,2fdfdb94-1702-4eb6-bfda-ec20d606c0e8,approved,
2e3dcea4-98b6-45e4-a0d0-233aabfec16c,Eau De Perfume Spray,Genuine  Al-Rehab spray perfume fromUAE/Saudi Arabia/Yemen Hgh Quality,30,105,https://i.dummyjson.com/data/products/15/1.jpg,2fdfdb94-1702-4eb6-bfda-ec20d606c0e8,approved,
7e981649-59bf-41b3-ac1c-e2d76796a840,Hyaluronic Acid Serum,L'OrÃ©al Paris introduces Hyaluron Expert Replumping Serum formulated with 1.5% Hyaluronic Acid,19,110,https://i.dummyjson.com/data/products/16/1.png,2fdfdb94-1702-4eb6-bfda-ec20d606c0e8,approved,
3499fb9a-bd59-435f-ad71-e17ecc34d8af,Tree Oil 30ml,Tea tree oil contains a number of compounds including terpinen-4-ol that have been shown to kill certain bacteria,12,78,https://i.dummyjson.com/data/products/17/1.jpg,2fdfdb94-1702-4eb6-bfda-ec20d606c0e8,approved,
937375e4-184e-458d-9c8d-519e14850553,Fog Scent Xpressio Perfume,Product details of Best Fog Scnt Xpressio Perfume 100m For Men cool long lasting perfumes for Men,13,61,https://i.dummyjson.com/data/products/13/1.jpg,2fdfdb94-1702-4eb6-bfda-ec20d606c0e8,approved,
59f4f68b-5b56-49f4-8ef4-59017c582fbb,Oil Free Moisturizer 100ml,Dermive Oil Free Moisturizer with SPF 20 is specifically formulated with ceramideshyaluronic acid & sunscreen.,40,88,https://i.dummyjson.com/data/products/18/1.jpg,2fdfdb94-1702-4eb6-bfda-ec20d606c0e8,approved,
babc913b-08b1-44b3-b15c-1dfec9f0a9ea,Freckle Treatment Cream- 15gm,Fair & Clear is Pakistan's only pure Freckle cream which helpsfade Freckles Darspots and pigments. Mercury level is 0% so there are no side effects.,70,140,https://i.dummyjson.com/data/products/20/1.jpg,2fdfdb94-1702-4eb6-bfda-ec20d606c0e8,approved,
15e5c3f6-e14b-4ca7-9c20-73fd7e30c403,- Daal Masoor 500 grams,Fine quality Branded Product Keep in a cool and dry place,20,133,https://i.dummyjson.com/data/products/21/1.png,2fdfdb94-1702-4eb6-bfda-ec20d606c0e8,approved,
20a9740e-2222-4f75-895c-8cb8ec9aea5b,Elbow Macaroni - 400 gm,Product details of Bake Parlor Big Elbow Macaroni - 400 gm,14,146,https://i.dummyjson.com/data/products/22/1.jpg,2fdfdb94-1702-4eb6-bfda-ec20d606c0e8,approved,
e2e9d36d-388a-4755-98a3-5b140e2970e1,Orange Essence Food Flavou,Specifications of Orange Essence Food Flavour For Cakes and Baking Food Item,14,26,https://i.dummyjson.com/data/products/23/1.jpg,2fdfdb94-1702-4eb6-bfda-ec20d606c0e8,approved,
19690616-69f0-4a00-b2f5-d4f91f26a2ef,cereals muesli fruit nuts,original fauji cereal muesli 250gm box pack original fauji cereals muesli fruit nuts flakes breakfast cereal break fast faujicereals cerels cerel foji fouji,46,113,https://i.dummyjson.com/data/products/24/1.jpg,2fdfdb94-1702-4eb6-bfda-ec20d606c0e8,approved,
f8f3fb33-d751-47c6-90af-7d0c2f157558,Gulab Powder 50 Gram,Dry Rose Flower Powder Gulab Powder 50 Gram • Treats Wounds,70,47,https://i.dummyjson.com/dta/products/25/1.png,2fdfdb94-1702-4eb6-bfda-ec20d606c0e8,approved,
a6111f34-eb4a-434c-ae80-4d1d21bb0ecf,Plant Hanger For Home,Boho Decor Plant Hanger For Home Wall Decoration Macrame Wall Hanging Shelf,41,131,https://i.dummyjson.com/data/products/26/1.jpg,2fdfdb94-1702-4eb6-bfda-ec20d606c0e8,approved,
4dc6718f-03c7-4ee4-b075-78f82a097c0d,Flying Wooden Bird,Package Include 6 Birds with Adhesive Tape Shape: 3D Shaped Wooden Birds Material: Wooden MDF Laminated 3.5mm,51,17,https://i.dummyjson.com/data/products/27/1.jpg,2fdfdb94-1702-4eb6-bfda-ec20d606c0e8,approved,
fe51c4a2-f187-4519-8ba1-a79a9ae5e571,3D Embellishment Art Lamp,3D led lamp sticker Wall sticker 3d wall art light on/off button  cell operated (included),20,54,https://i.dummyjson.com/data/products/28/1.jpg,2fdfdb94-1702-4eb6-bfda-ec20d606c0e8,approved,
a3913e54-ce58-4f3a-b616-208df2971ab3,Skin Beauty Serum.,Product name: rorec collagen hyaluronic acid white face serumriceNet weight: 15 m,46,54,https://i.dummyjson.com/data/products/19/1.jpg,2fdfdb94-1702-4eb6-bfda-ec20d606c0e8,approved,
f880cc54-39e0-41e4-9295-de9956efeab9,Brown Perfume,Royal_Mirage Sport Brown Perfume for Men & Women - 120ml,40,52,htps://i.dummyjson.com/data/product/12/1.jpg,2fdfdb94-1702-4eb6-bfda-ec20d606c0e8,approved,
cbea2ec1-1822-4aa2-a8d2-d08381c9a8fc,Handcraft Chinese style,Handcraft Chinese style art luxury palace hotel villa mansion home decor ceramic vase with brass fruit plate,60,7,https://i.dummyjson.com/data/products/29/1.jpg,2fdfdb94-1702-4eb6-bfda-ec20d606c0e8,approved,
e12eda2b-ba9b-452d-a3e8-98a246086601,Key Holder,Attracive DesignMetallic materialFour key hooksReliable & DurablePremium Quality,30,54,https://i.dummyjson.com/data/products/30/1.jpg,2fdfdb94-1702-4eb6-bfda-ec20d606c0e8,approved,
d3c610d7-a872-4352-82dc-ad730854caf9,Microsoft Surface Laptop 4,Style and speed. Stand out on HD video calls backed by Studio Mics. Capture ideas on the vibrant touchscreen.,1499,68,https://i.dummyjson.com/data/products/8/1.jpg,2fdfdb94-1702-4eb6-bfda-ec20d606c0e8,approved,
5ddb7d3a-de00-469c-89bd-636d145061f1,iPhone X,SIM-Free Model A19211 6.5-inch Super Retina HD display with OLED technology A12 Bionic chip with ...,899,34,https://i.dummyjson.com/data/products/2/1.jpg,2fdfdb94-1702-4eb6-bfda-ec20d606c0e8,approved,
74f05ef0-1862-4f8a-8176-3275c6424bb3,Samsung Universe, Samsung's new variant which goes beyond Galaxy to the Universe,249,36,https://i.dummyjson.com/data/products/3/1.jpg,2fdfdb94-1702-4eb6-bfda-ec20d606c0e8,approved,
00fbb7f6-a3b7-47d0-be4f-7a01259feafc,iPhone 9,An apple mobile which is nothing like apple,549,94,https://i.dummyjsoncom/data/products/1/1.jpg,2fdfdb94-1702-4eb6-bfda-ec20d606c0e8,approved,
c608e03d-a493-4369-b989-89f91e7ca269,OPPOF19,OPPO F19 is officially announced on April 2021.,280,123,https://i.dumyjsn.com/data/products/4/1.jpg,2fdfdb94-1702-4eb6-bfda-ec20d606c0e8,approved,
b88c7a2c-7fc3-45f6-b49f-e47379324b68,MacBook Pro,MacBook Pro 221 with mini-LED display may launch between Septembe Noember,174,983,https://i.ummyjson.com/data/products/6/1.png,2fdfdb94-1702-4eb6-bfda-ec20d606c0e8,approved,
160c9a09-423e-4195-b6b6-1c155cb72bcc,Huawei P30,Huawei’s re-baged P30 Pro New Edition was officially unveiled yesteray in Germany and now the device has made its way to the UK.,499,32,https://i.dummyjson.com/data/products/5/1.jpg,2fdfdb94-1702-4eb6-bfda-ec20d606c0e8,approved,
9a2e8185-5aeb-404a-803f-6653b50afe9d,Microsoft Surface Laptop 4,Style and speed. Stand out on HD video calls backeby Sdio Mics.Cpture ideasonthe vibrant touchscreen.,1499,68,https://i.dummyjson.com/data/products/8/1.jpg,2fdfdb94-1702-4eb6-bfda-ec20d606c0e8,approved,
16363770-8f1f-4a64-a485-e7216e03e6f2,Samsung Galaxy Bok,Samsug Galaxy Book S (2020) Laptop With Intel Lakefield Chip 8GB of RAM Launched,1499,50,https://i.dummyjson.com/data/products/7/1.jpg,2fdfdb94-1702-4eb6-bfda-ec20d606c0e8,approved,
496bc8ba-87a0-4819-9218-ca0cc9da77af,HP Pavilion 15-DK1056WM,HP Pavilion 15-DK1056WM Gaming Laptop 10th Gen Core i5 8GB 256GB SSD GTX 1650 4GB Windows 10,1099,89,https://i.dummyjson.com/data/products/10/1.jpg,2fdfdb94-1702-4eb6-bfda-ec20d606c0e8,approved,
411bff5a-9566-4c58-8a22-a09e61d02b83,Brown Perfume,Royal_Mirage Sport Brown Perfume for Men & Women - 120ml,40,52,https://i.dummyjson.com/data/products/12/1.jpg,2fdfdb94-1702-4eb6-bfda-ec20d606c0e8,approved,
692f8e5c-878c-4d5b-8cb4-1561e2a67e46,Fog Scent Xpressio Perfue,Product details of Best Fog Scent Xpressio Perfume 100ml For Men cool long lasting perfumes for Men,13,61,https://i.dummyjson.com/data/products/13/1.jpg,2fdfdb94-1702-4eb6-bfda-ec20d606c0e8,approved,
0959c64a-02b3-49ce-b26d-2ef4bf154431,Non-Alcoholic Concentrated Perfume Oil,Original Al Munakh® by Mahal Al Musk | Our Impression of Climate | 6ml Non-Alcoholic Concentrated Perfume Oil,120,114,https://i.dummyjson.com/data/products/14/1.jpg,2fdfdb94-1702-4eb6-bfda-ec20d606c0e8,approved,
09964429-a0fd-4c85-98fa-0f4cfb1074fa,Eau De Perfume Spray,Genuine  Al-Rehab spray perfume fromUAE/Saudi Arabia/Yemen Hgh Quality,30,105,https://i.dummyjson.com/data/products/15/1.jpg,2fdfdb94-1702-4eb6-bfda-ec20d606c0e8,approved,
09681b82-a5e1-49d7-aed4-721077ffb2a5,Infinix INBOOK,Infinix Inbook X1 Ci3 10th 8GB 256GB 14 Wi0 Grey – 1 Year Warrant,99,96,https://i.dummyjsoncom/data/products/9/1.jpg,2fdfdb94-1702-4eb6-bfda-ec20d606c0e8,approved,
3dd7862f-65f8-4e73-9e0f-7e163aab203b,Tree Oil 30ml,Tea tree oil contains a number of compounds including terpinen-4-ol that have been shown to kll certain bacteria,12,78,https://i.dummyjson.com/data/products/17/1.jpg,2fdfdb94-1702-4eb6-bfda-ec20d606c0e8,approved,
a1442a59-b070-472f-b62e-e346e61977b6,Hyaluronic Acid Serum,L'OrÃ©al Paris introduces Hyaluron Expert Replumping Serum formulated with 1.5% Hyaluronic Acid,19,110,https://i.dummyjson.com/data/products/16/1.png,2fdfdb94-1702-4eb6-bfda-ec20d606c0e8,approved,
7423618b-b3e8-4907-9294-7f2bec35aac0,Oil Free Moisturizer 100ml,Dermive Oil Free Moisturizer with SPF 20 is specifically formulated with ceramides hyaluronic acid & sunscreen.,40,88,https://i.dummyjson.com/data/products/18/1.jpg,2fdfdb94-1702-4eb6-bfda-ec20d606c0e8,approved,
fadaad59-a0b8-4337-bfd2-f90b3ac3427c,Skin Beauty Serum.,Product name: rorec collagen hyaluronic acid white face serum riceNet weight: 15 m,46,54,https://i.dummyjson.com/data/products/19/1.jpg,2fdfdb94-1702-4eb6-bfda-ec20d606c0e8,approved,
da1a1dc3-9b62-4e51-ba80-4da257553116,Freckle Treatment Cream- 15gm,Fair & Clear is Pakistan's only pure Freckle cream which helpsfade Freckles Darkspots and pigments. Mercury level is 0% so there are no side effects.,70,140,https://i.dummyjson.com/data/products/20/1.jpg,2fdfdb94-1702-4eb6-bfda-ec20d606c0e8,approved,
f62f04d5-e9e8-4409-bd4d-2e18138b4e28,- Daal Masoor 500 grams,Fine quality Branded Product Keep in a cool and dry place,20,133,https://i.dummyjson.com/data/products/21/1.png,2fdfdb94-1702-4eb6-bfda-ec20d606c0e8,approved,
68505025-c617-4c90-befe-6025f70bd7c6,Elbow Macaroni - 400 gm,Product details of Bake Parlor Big Elbow Macaroni - 400 gm,14,146,https://i.dummyjson.com/data/products/22/1.jpg,2fdfdb94-1702-4eb6-bfda-ec20d606c0e8,approved,
b806a038-85d7-469e-8a84-f74d7c38bf69,Orange Essence Food Flavou,Specifications of Orange Essence Food Flavour For Cakes and Baking Food Item,14,26,https://i.dummyjson.com/data/products/23/1.jpg,2fdfdb94-1702-4eb6-bfda-ec20d606c0e8,approved,
3b64b721-b623-40b3-8be3-36e04805d115,cereals muesli fruit nuts,original fauji cereal muesli 250gm box pack original fauji cereals muesli fruit nuts fakes breakfast cereal break fast faujicereals cerels cerel foji fouji,46,113,https://i.dummyjson.com/data/products/24/1.jpg,2fdfdb94-1702-4eb6-bfda-ec20d606c0e8,approved,
925275c9-d54e-47fe-96dc-b28e248e53dd,Gulab Powder 50 Gram,Dry Rose Flower Powder Gulab Powder 50 Gram • Treats Wounds,70,47,https://i.dummyjson.com/dta/products/25/1.png,2fdfdb94-1702-4eb6-bfda-ec20d606c0e8,approved,
c3d9968d-0862-4732-ad87-f41d59db8f87,Plant Hanger For Home,Boho Decor Plant Hanger For Home Wall Decoration Macrame Wall Hanging Shelf,41,131,https://i.dummyjson.com/data/products/26/1.jpg,2fdfdb94-1702-4eb6-bfda-ec20d606c0e8,approved,
e2005e02-dfd3-4e98-b3b3-f9f26fd169d4,Flying Wooden Bird,Package Include 6 Birds with Adhesive Tape Shape: 3D Shaped Wooden Birds Material: Wooden MDF Laminated 3.5mm,51,17,https://i.dummyjson.com/data/products/27/1.jpg,2fdfdb94-1702-4eb6-bfda-ec20d606c0e8,approved,
80259571-c852-4bc9-afbe-9b5fe9fc09d6,perfume Oil,Mega Discount Impression of Acqua Di Gio by GiorgioArmani concentraed attar perfume Oil,13,65,https://i.dummyjson.com/data/products/11/1.jpg,2fdfdb94-1702-4eb6-bfda-ec20d606c0e8,approved,
a8441ca2-2f2a-42ef-b830-21d59c5c710d,3D Embellishment Art Lamp,3D led lamp sticker Wall sticker 3d wall art light onoff button  cell operated (included),20,54,https://i.dummyjson.com/data/products/28/1.jpg,2fdfdb94-1702-4eb6-bfda-ec20d606c0e8,approved,
8b3e7c70-46b1-432d-9dc4-d45f61f7fc3d,Handcraft Chinesestyle,Handcraft Chinese style art luxury palace hotel villa mansion home decor ceramic vase with brass fruit plate,60,7,https://i.dummyjson.com/data/products/29/1.jpg,2fdfdb94-1702-4eb6-bfda-ec20d606c0e8,approved,
06f4cab3-5821-4dd2-b80b-b72a0a0b9d0b,Key Holder,Attractive DesignMetallic materialFour key hooksReliable & DurablePremium Quality,30,54,https://i.dummyjson.com/data/products/30/1.jpg,2fdfdb94-1702-4eb6-bfda-ec20d606c0e8,approved,
c0d96521-0ffe-456d-b9ab-782946bc33bf,iPhone 9,An appleobile which is nothing like apple,549,94,https://i.dummyjson.com/data/products/1/1.jpg,2fdfdb94-1702-4eb6-bfda-ec20d606c0e8,approved,
c09153d7-903b-469b-bb11-9c077c1692a2,iPhone X,SIM-Free Model A19211 6.5-inch Super Retina HD display with OLED technology A12 Bionic chip with ...,899,34,https://i.dummyjson.com/data/products/2/1.jpg,2fdfdb94-1702-4eb6-bfda-ec20d606c0e8,approved,
d56d6c6f-6702-47f1-b2fb-2ee3515f2b23,OPPOF19,OPPO F19 is officially announced on April 2021.,280,123,https://i.dummysn.com/data/products/4/1.jpg,2fdfdb94-1702-4eb6-bfda-ec20d606c0e8,approved,
88f398d9-9dba-4d7b-9f3f-4418a24c46c0,Samsung Universe 9,Samsun's new variant which goes beyond Galaxy to the Univese,149,36,http://i.dummyjso.com/data/products/3/1.jpg,2fdfdb94-1702-4eb6-bfda-ec20d606c0e8,approved,
d1793330-b4d6-4276-a446-7a8050c84a4c,Huawei P30,Huawei’s re-badged P30 Pro New Edition was officially unveiled yesedy in Germany and now t1he device has made its way to the UK.,499,32,https://i.dummyjson.com/data/products/5/1.jpg,2fdfdb94-1702-4eb6-bfda-ec20d606c0e8,approved,
60b70c97-f011-445d-a9ff-cfe54f4eed9d,Samsung Galaxy Book,Samsung Galaxy Book S (2020) Laptop With Intel Lakefield hip GB of RAM aunched,1499,0,https://i.dummyjson.com/data/products/7/1.jpg,2fdfdb94-1702-4eb6-bfda-ec20d606c0e8,approved,
0a71f22e-85e7-4013-8ecd-7cbc10b753bd,MacBook Pro,MacBook Pro 221 with mini-LED display may launch between September November,1749,83,https://i.dummyjson.com/data/products/6/1.png,2fdfdb94-1702-4eb6-bfda-ec20d606c0e8,approved,
2a182a53-2659-42a5-9098-2caa561d172e,Microsoft Surface Laptop4,Style and speed. Stand out on HD video calls backed by Studio Mics. Capture ideas on the vibrant touchscreen.,1499,68,https://i.dummyjson.com/data/products/8/1.jpg,2fdfdb94-1702-4eb6-bfda-ec20d606c0e8,approved,
5964b456-fdc4-47b7-9f91-3eead1415364,Infinix INBOOK,Ininix Inbook X1 Ci3 10th 8GB 256GB 14 Win10 Grey – 1 Year Waranty10,99,96,htps://i.dummyjon.com/data/products/9/1.jpg,2fdfdb94-1702-4eb6-bfda-ec20d606c0e8,approved,
9cca3a9a-fe29-4c4c-8398-ec8d7497ee5a,perfume Oil,Mega Discount Impression of Acqua Di Gio by GiorgioArmani concentrated attar perfume Oil,13,65,https://i.dummyjson.com/data/products/11/1.jpg,2fdfdb94-1702-4eb6-bfda-ec20d606c0e8,approved,
d8891c22-a1a0-48db-b4c5-0cef4fb23481,HP Pavilion 15-DK1056WM,HP Pavilion 15-DK1056WM Gaming Latop 10th Gen Core i5 8G 256GB SSD GTX 1650 4GB Windows 10,1099,89,https://i.dummyjson.com/data/products/10/1.jpg,2fdfdb94-1702-4eb6-bfda-ec20d606c0e8,approved,
ad169633-506a-45b6-92e6-a5c2e0472960,Brown Perfume,Royal_Mirage Sport Brown Perfume for Men & omen - 120ml,40,52,https//i.dummyjson.com/data/products/12/1.jpg,2fdfdb94-1702-4eb6-bfda-ec20d606c0e8,approved,
80b94928-9995-4d61-a4d8-0b752c12df83,Fog Scent Xpressio Perfume,Product details of Best Fog Scent Xpressio Perfume 100ml For Men cool long lasting perfumes for Men,13,61,https://i.dummyjson.com/data/products/13/1.jpg,2fdfdb94-1702-4eb6-bfda-ec20d606c0e8,approved,
2d0cfee1-adab-4762-9a51-c75f6b2815bb,Non-Alcoholic Concentrated Perfume Oil,Original Al Munakh® by Mahal Al Musk | Our Impression of Climate | 6ml Non-Alcoholic Concentrated Perfume Oil,120,114,https://i.dummyjson.com/data/products/14/1.jpg,2fdfdb94-1702-4eb6-bfda-ec20d606c0e8,approved,
7da0f158-5cd7-4d47-9264-e1af29469116,Eau De Perfume Spray,Genuine  Al-Rehab spray perfume from UAE/Saudi Arabia/Yemen High Quality,30,105,https://.dummyjson.com/data/products/15/1.jpg,2fdfdb94-1702-4eb6-bfda-ec20d606c0e8,approved,
2a684f01-432c-42b3-856e-8c2215b00959,Hyaluronic Acid Serum,L'OrÃ©al Paris introduces Hyaluron xpert Replumping Serum frmulated with 1.5% Hyaluroni Acid,19,110,https://i.dummyjson.com/data/products/16/1.png,2fdfdb94-1702-4eb6-bfda-ec20d606c0e8,approved,
f57f4232-3b9e-49a1-b78c-6b00ae0059ae,Tree Oil 30ml,Tea tree oil contains a number of compounds including terpinen-4-ol that have been shown to kll certain bacteria,12,78,https://i.dummyjson.com/data/products/17/1.jpg,2fdfdb94-1702-4eb6-bfda-ec20d606c0e8,approved,
4f447636-a305-4d55-9a30-d8a19e1a693f,Oil Free Moisturizer 100ml,Dermive Oil Free Moisturizer with SPF 20 is specifically formulated with ceramides hyaluronic acid & sunscreen.,40,88,https://i.dummyjson.com/data/products/18/1.jpg,2fdfdb94-1702-4eb6-bfda-ec20d606c0e8,approved,
7469b357-fe58-426c-a1db-41d43254811b,Skin Beauty Serum.,Product name: rorec collagen hyaluronic acid white face serum riceNet weight: 15 m,46,54,https://i.dummyjson.com/data/products/19/1.jpg,2fdfdb94-1702-4eb6-bfda-ec20d606c0e8,approved,
a01f863f-bd62-43de-898e-9d044c39b517,Freckle Treatment Cream- 15gm,Fair & Clear is Pakistan's only pure Freckle cream which helpsfade Freckles Darkspots and pigments. Mercury level is 0% so there are no side effects.,70,140,https://i.dummyjson.com/data/products/20/1.jpg,2fdfdb94-1702-4eb6-bfda-ec20d606c0e8,approved,
5419b1a1-528f-455b-abe4-14694f3e0d42,- Daal Masoor 500 grams,Fine quality Branded Product Keep in a cool and dry place,20,133,https://i.dummyjson.com/data/products/21/1.png,2fdfdb94-1702-4eb6-bfda-ec20d606c0e8,approved,
f6620a0d-c8d6-4fa8-8415-7bd2408be1d7,Elbow Macaroni - 400 gm,Product details of Bake Parlor Big Elbow Macaroni - 400 gm,14,146,https://i.dummyjson.co/data/products/22/1.jpg,2fdfdb94-1702-4eb6-bfda-ec20d606c0e8,approved,
81ea0897-4633-4004-95b3-7cd4cf0b5aa1,Orange Essence Food Flavou,Specifications of Orange Essence Food Flavour For Cakes and Baking Food Item,14,26,https://i.dummyjson.com/data/products/23/1.jpg,2fdfdb94-1702-4eb6-bfda-ec20d606c0e8,approved,
44cd4a5f-b19b-4539-a2ef-39ed5c7f8bb4,Gulab Powder 50 Gram,Dry Rose Flower Powder Gulab Powder 50 Gram • Treats Wounds,70,47,https://i.dummyjson.com/data/products/25/1.png,2fdfdb94-1702-4eb6-bfda-ec20d606c0e8,approved,
44cc68b9-e143-4425-a729-c750fe1846d7,cereals muesli fruit nuts,original fauji cereal muesli 250gm box pack original fauji cereals muesli fruit nuts fakes breakfast cereal break fast faujicereals cerels cerel foji fouji,46,113,https://i.dummyjson.com/data/products/24/1.jpg,2fdfdb94-1702-4eb6-bfda-ec20d606c0e8,approved,
ac2f3fd1-618d-4387-b8fc-7ddf6ae4966f,Flying Wooden Bird,Package Include 6 Birds with Adhesive Tape Shape: 3D Shaped Woden Birds Material: Wooden MDF Laminated 3.5mm,51,17,https://i.dummyjson.com/data/products/27/1.jpg,2fdfdb94-1702-4eb6-bfda-ec20d606c0e8,approved,
bded9338-0118-4bf2-9eb2-be5789cae67e,Plant Hanger For Home,Boho Decor Plant Hanger For Home Wall Decoration Macrame all Hanging Shelf,41,131,https:/i.dummyjson.com/data/products/26/1.jpg,2fdfdb94-1702-4eb6-bfda-ec20d606c0e8,approved,
8493518c-f492-45f6-9177-80cd1d9f95f9,3D Embellishment Art Lamp,3D led lamp sticker Wall sticker 3d wall art light on/off button  cell operated (included),20,54,https://i.dummyjson.com/data/products/28/1.jpg,2fdfdb94-1702-4eb6-bfda-ec20d606c0e8,approved,
d464398c-5a94-4354-9b3c-6c76f33506cb,Handcraft Chinese style,Handcraft Chinese style art luxury palace hotel villa mansion home decor ceramic vase with brass fruit plate,60,7,https://i.dummyjson.com/data/products/29/1.jpg,2fdfdb94-1702-4eb6-bfda-ec20d606c0e8,approved,
0aeb8de6-e226-4dbb-b059-5f7909f4c605,Key Holder,Attracive DesignMetallic materialFour key hooksReliable & DurablePremium Quality,30,54,https://i.dummyjson.com/data/products/30/1.jpg,2fdfdb94-1702-4eb6-bfda-ec20d606c0e8,approved,
eaa9364c-db22-49bf-948d-a62e7f13c435,iPhone 9,An apple mobile which is nothing like apple,549,94,https://i.dummyjson.com/data/products/1/1.jpg,2fdfdb94-1702-4eb6-bfda-ec20d606c0e8,approved,
c9c5c396-1b0d-40a6-b642-699f9a7f3cef,iPhone X,SIM-Free Model A19211 6.5-inch Super Retina HD display with OLED technolgy A12 Bionic chip with ...,899,34,https://i.dummyjson.com/data/products/2/1.jpg,2fdfdb94-1702-4eb6-bfda-ec20d606c0e8,approved,
f935f1b2-1731-4a8a-86ea-c4c7b9067907,Samsung Universe ,Samsung's new variant which goes beyond Galaxy to the Universe,1249,36,https://i.dummyjson.com/data/products/3/1.jpg,2fdfdb94-1702-4eb6-bfda-ec20d606c0e8,approved,
ebdd83bf-fac0-4c30-9296-0371518f2a61,OPPOF19,OPPO F19 is officially announced on April 2021.,280,123,https://i.dumyjon.com/data/products/4/1.jpg,2fdfdb94-1702-4eb6-bfda-ec20d606c0e8,approved,
6559dc32-8e5c-4b4d-9774-e5b1785410a0,MacBook Pro,MacBook Pro 2021 with mini-LED display may launch between Septemb November,174,8,https://idumyjson.com/data/products/6/1.png,2fdfdb94-1702-4eb6-bfda-ec20d606c0e8,approved,
ca17d019-acf6-4886-9af7-0f6ca5f08dc0,Microsoft Surface,Microsoft Surface Laptop Style and speed. Stand out on HD video calls backed ystudio Mics. Capture id1eas on the vibrant touchscreen.,1499,68,https://i.dummyjson.com/data/products/8/1.jpg,2fdfdb94-1702-4eb6-bfda-ec20d606c0e8,approved,
9888aa75-c085-4a81-befb-ee13b50323fe,Samsung Galaxy Book,Samsung Galaxy Book S (2020) Laptop With Intel Lakefield Chip 8GB of RAM Launched,1499,50,https://i.dummyjson.com/data/products/7/1.jpg,2fdfdb94-1702-4eb6-bfda-ec20d606c0e8,approved,
3149e045-01d1-4eab-8142-7035ef7c9e86,HP Pavilion 15-DK056WM,HP Pavilion 15-DK1056WM Gaming Laptop 10th Gen Core i5 8GB 256GB SSD GTX 1650 4GB Windows 10,1099,89,https://i.dummyjson.com/data/products/10/1.jpg,2fdfdb94-1702-4eb6-bfda-ec20d606c0e8,approved,
6de34671-754e-452f-a6f9-e170bfb4f695,perfume Oil,Mega Discoun Impression of Acqua Di Gio by GiorgioArmani concentrated attar perfume Oil,13,65,https://i.dummyjson.com/data/products/11/1.jpg,2fdfdb94-1702-4eb6-bfda-ec20d606c0e8,approved,
05d35e88-b13d-4071-a60e-c05f6044d0ca,Brown Perfume,Royal_Mirage Sport Brown Perfume for Men & Women - 120ml,40,52,htps:/i.dummyjsn.com/data/prducts/12/1.jpg,2fdfdb94-1702-4eb6-bfda-ec20d606c0e8,approved,
1b13b566-9d90-472b-8d8d-5c93a8b5f901,Non-Alcoholic Concentrate Perfume Oil,Original Al Munakh® by Mahal Al Musk | Our Impression of Climate | 6ml Non-Alcoholic Concentrated Perfume Oil,120,114,https://i.dummyjson.com/data/products/14/1.jpg,2fdfdb94-1702-4eb6-bfda-ec20d606c0e8,approved,
662b0093-f98c-4e79-b5c4-b1f22f980f58,Eau De Perfume Spray,Genuine  Al-Rehab spray perfume fromUAE/Saudi Arabia/Yemen Hgh Quality,30,105,https://i.dummyjson.com/data/products/15/1.jpg,2fdfdb94-1702-4eb6-bfda-ec20d606c0e8,approved,
b032e85c-2b16-48ce-a089-16bf9aa9e787,Hyaluronic Acid Serum,L'OrÃ©al Paris introduces Hyaluron Expert Replumping Serum formulated with 1.5% Hyaluronic Acid,19,110,https://i.dummyjson.com/data/products/16/1.png,2fdfdb94-1702-4eb6-bfda-ec20d606c0e8,approved,
9bf5b2d2-8e13-4ffa-88c0-55db8eea4647,Tree Oil 30ml,Tea tree oil contains a number of compounds including terpinen-4-ol that have been shown to kil certain bacteria,12,78,https://i.dummyjson.com/data/products/17/1.jpg,2fdfdb94-1702-4eb6-bfda-ec20d606c0e8,approved,
bbb51203-2cda-4c40-9230-0d04ff55154b,Fog Scent Xpressio Perfume,Product details of Best Fog Scent Xpressio Perfume 100ml For Men cool long lasting perfumes for Men,13,61,https://i.dummyjson.com/data/products/13/1.jpg,2fdfdb94-1702-4eb6-bfda-ec20d606c0e8,approved,
d6ca361b-ef8c-42bb-a755-3ceed71d5e60,Oil Free Moisturizer 100ml,Dermive Oil Free Moisturizer with SPF 20 is specifically formulated with ceramides hyaluronic acid & sunscreen.,40,88,https://i.dummyjson.com/data/products/18/1.jpg,2fdfdb94-1702-4eb6-bfda-ec20d606c0e8,approved,
2b0c3a52-c41a-4022-8640-e14f47f00a61,Skin Beauty Serum.,Product name: rorec collagen hyaluroni acid white face serum rceNet weight: 15 m,46,54,https://i.dummyjson.com/data/products/19/1.jpg,2fdfdb94-1702-4eb6-bfda-ec20d606c0e8,approved,
61b773fc-db82-4517-a839-93155ad63609,Freckle Treatment Cream- 15gm,Fair & Clear is Pakistan's only pure Freckle cream which helpsfade Freckles Darpots and pigments. Mercury level is 0% so there are no side effects.,70,140,https://i.dummyjson.com/data/products/20/1.jpg,2fdfdb94-1702-4eb6-bfda-ec20d606c0e8,approved,
cfafe9-d9f9-437-9e7b-150c5b338f7,Huawei P30,Huawei’s re-badged P30 Pro New Edition was officially unveiled yesterday in Germany and now the device has made its way to the UK.,499,32,https://i.dummyjson.com/data/products/5/1.jpg,2fdfdb94-1702-4eb6-bfda-ec20d606c0e8,approved,
5f0395c9-da52-4cd6-a8e4-34ebe3e73c31,Elbow Macaroni - 400 gm,Product details of Bake Parlor Big Elbow Macaroni - 400 gm,14,146,https://i.dummyjson.com/data/products/22/1.jpg,2fdfdb94-1702-4eb6-bfda-ec20d606c0e8,approved,
1722e108-bcc8-4340-babf-253970be689f,- Daal Masoor 500 grams,Fine quality Branded Product Keep in a cool and dry place,20,133,https://i.dummyjson.com/data/products/21/1.png,2fdfdb94-1702-4eb6-bfda-ec20d606c0e8,approved,
dc03d75b-9471-478f-b40d-af209439c22c,cereals muesli fruit nuts,original fauji cereal muesli 250gm box pack original fauji cereals muesli fruit nuts flakes breakfast cereal break fast faujicereals cerels cerel foji fouji,46,113,https://i.dummyjson.com/data/products/24/1.jpg,2fdfdb94-1702-4eb6-bfda-ec20d606c0e8,approved,
90b1e0ae-af9c-459b-9455-fadbda1e5ab4,Orange Essence Food Flavou,Specifications of Orange Essence Food Flavour For Cakes and Baking Food Item,14,26,https://i.dummyjson.com/data/products/23/1.jpg,2fdfdb94-1702-4eb6-bfda-ec20d606c0e8,approved,
18d6afa7-b36c-4c66-bde5-aeb3bbce1613,Plant Hanger For Home,Boh Decor Plant Hanger For Home Wall Decoration Macrame Wall Hanging Shelf,41,131,https://dummyjson.com/data/products/26/1.jpg,2fdfdb94-1702-4eb6-bfda-ec20d606c0e8,approved,
e49a150e-f3d2-492c-8499-a8bcc8535ba6,Flying Wooden Bird,Package nclude 6 Birds with Adhesive Tape Shape: 3D Shaped Wooden Birds Material: Wooden MDF Laminated 3.5mm,51,17,https://i.dummyjson.com/data/products/27/.jpg,2fdfdb94-1702-4eb6-bfda-ec2d606c0e8,approved,
a9f8c79-464a-4d7f-9095-284f2857b9d8,3D Embellishment Art Lamp,3D led lamp sticker Wall sticker 3d wall art light on/off button  cell operated (included),20,54,https://i.dummyjson.com/data/products/28/1.jpg,2fdfdb94-1702-4eb6-bfda-ec20d606c0e8,approved,
ed579a90-f6c1-4183-995d-96dfb76ba8,Handcraft Chinese stye,Handcraft Chinese style art luxury palace hotel villa mansion home decor ceramic vase with brass fruit plate,60,7,https://i.dummyjson.com/data/products/29/1.jpg,2fdfdb94-1702-4eb6-bfda-ec20d606c0e8,approved,
fd1b7dc1-4070-496e-a631-fdab036661ec,Gulab Powder 50 Gram,Dry Rose Flower Powder Gulab Powder 50 Gram • Treats Wounds 10,70,47,https://i.dummyjson.com/data/products/25/1.png,2fdfdb94-1702-4eb6-bfda-ec20d606c0e8,approved,
57f8582de081-4664-875c-dd28b3490ec0,Key Holder,Attractve DesignMetallic materialFour key hooksReliable & DurablePreium Quality,30,54,https://i.dummyjson.com/data/products/30/1.jpg,2fdfdb94-1702-4eb6-bfda-ec20d60608,approved,
bf331805-3d0-4e54-b524-e937daf64c,Infinix INBOOK,Ininix Inbook X1 Ci3 10th 8GB 256GB 14 Win10 Grey – 1 Year Warrany,1099,96,https:/i.dummyjon.com/data/producs/9/1.jp,2fdfdb94-1702-4e6-bfd1a-ec20d606c,, 
